{"cameraMode":{"drawMode":0,"name":"Shaded","section":"Shading Mode"},"sceneLighting":true,"audioPlay":false,"sceneViewState":{"showFog":false,"showMaterialUpdate":false,"showSkybox":false,"showFlares":false,"showImageEffects":false,"showParticleSystems":true},"in2DMode":false,"pivot":{"x":8.778099060058594,"y":4.071343898773193,"z":-3.3236544132232668},"rotation":{"x":0.30551639199256899,"y":-0.21324610710144044,"z":0.07040758430957794,"w":0.9253262877464294},"size":11.139510154724121,"orthographic":false}